[{"model": "auth.permission", "pk": 1, "fields": {"name": "Can add log entry", "content_type": 1, "codename": "add_logentry"}}, {"model": "auth.permission", "pk": 2, "fields": {"name": "Can change log entry", "content_type": 1, "codename": "change_logentry"}}, {"model": "auth.permission", "pk": 3, "fields": {"name": "Can delete log entry", "content_type": 1, "codename": "delete_logentry"}}, {"model": "auth.permission", "pk": 4, "fields": {"name": "Can add group", "content_type": 2, "codename": "add_group"}}, {"model": "auth.permission", "pk": 5, "fields": {"name": "Can change group", "content_type": 2, "codename": "change_group"}}, {"model": "auth.permission", "pk": 6, "fields": {"name": "Can delete group", "content_type": 2, "codename": "delete_group"}}, {"model": "auth.permission", "pk": 7, "fields": {"name": "Can add permission", "content_type": 3, "codename": "add_permission"}}, {"model": "auth.permission", "pk": 8, "fields": {"name": "Can change permission", "content_type": 3, "codename": "change_permission"}}, {"model": "auth.permission", "pk": 9, "fields": {"name": "Can delete permission", "content_type": 3, "codename": "delete_permission"}}, {"model": "auth.permission", "pk": 10, "fields": {"name": "Can add content type", "content_type": 4, "codename": "add_contenttype"}}, {"model": "auth.permission", "pk": 11, "fields": {"name": "Can change content type", "content_type": 4, "codename": "change_contenttype"}}, {"model": "auth.permission", "pk": 12, "fields": {"name": "Can delete content type", "content_type": 4, "codename": "delete_contenttype"}}, {"model": "auth.permission", "pk": 13, "fields": {"name": "Can add session", "content_type": 5, "codename": "add_session"}}, {"model": "auth.permission", "pk": 14, "fields": {"name": "Can change session", "content_type": 5, "codename": "change_session"}}, {"model": "auth.permission", "pk": 15, "fields": {"name": "Can delete session", "content_type": 5, "codename": "delete_session"}}, {"model": "auth.permission", "pk": 16, "fields": {"name": "Can add product category", "content_type": 6, "codename": "add_productcategory"}}, {"model": "auth.permission", "pk": 17, "fields": {"name": "Can change product category", "content_type": 6, "codename": "change_productcategory"}}, {"model": "auth.permission", "pk": 18, "fields": {"name": "Can delete product category", "content_type": 6, "codename": "delete_productcategory"}}, {"model": "auth.permission", "pk": 19, "fields": {"name": "Can add product", "content_type": 7, "codename": "add_product"}}, {"model": "auth.permission", "pk": 20, "fields": {"name": "Can change product", "content_type": 7, "codename": "change_product"}}, {"model": "auth.permission", "pk": 21, "fields": {"name": "Can delete product", "content_type": 7, "codename": "delete_product"}}, {"model": "auth.permission", "pk": 22, "fields": {"name": "Can add user", "content_type": 8, "codename": "add_shopuser"}}, {"model": "auth.permission", "pk": 23, "fields": {"name": "Can change user", "content_type": 8, "codename": "change_shopuser"}}, {"model": "auth.permission", "pk": 24, "fields": {"name": "Can delete user", "content_type": 8, "codename": "delete_shopuser"}}, {"model": "auth.permission", "pk": 25, "fields": {"name": "Can add basket", "content_type": 9, "codename": "add_basket"}}, {"model": "auth.permission", "pk": 26, "fields": {"name": "Can change basket", "content_type": 9, "codename": "change_basket"}}, {"model": "auth.permission", "pk": 27, "fields": {"name": "Can delete basket", "content_type": 9, "codename": "delete_basket"}}, {"model": "auth.permission", "pk": 28, "fields": {"name": "Can add profile", "content_type": 10, "codename": "add_profile"}}, {"model": "auth.permission", "pk": 29, "fields": {"name": "Can change profile", "content_type": 10, "codename": "change_profile"}}, {"model": "auth.permission", "pk": 30, "fields": {"name": "Can delete profile", "content_type": 10, "codename": "delete_profile"}}, {"model": "auth.permission", "pk": 31, "fields": {"name": "Can add association", "content_type": 11, "codename": "add_association"}}, {"model": "auth.permission", "pk": 32, "fields": {"name": "Can change association", "content_type": 11, "codename": "change_association"}}, {"model": "auth.permission", "pk": 33, "fields": {"name": "Can delete association", "content_type": 11, "codename": "delete_association"}}, {"model": "auth.permission", "pk": 34, "fields": {"name": "Can add code", "content_type": 12, "codename": "add_code"}}, {"model": "auth.permission", "pk": 35, "fields": {"name": "Can change code", "content_type": 12, "codename": "change_code"}}, {"model": "auth.permission", "pk": 36, "fields": {"name": "Can delete code", "content_type": 12, "codename": "delete_code"}}, {"model": "auth.permission", "pk": 37, "fields": {"name": "Can add nonce", "content_type": 13, "codename": "add_nonce"}}, {"model": "auth.permission", "pk": 38, "fields": {"name": "Can change nonce", "content_type": 13, "codename": "change_nonce"}}, {"model": "auth.permission", "pk": 39, "fields": {"name": "Can delete nonce", "content_type": 13, "codename": "delete_nonce"}}, {"model": "auth.permission", "pk": 40, "fields": {"name": "Can add user social auth", "content_type": 14, "codename": "add_usersocialauth"}}, {"model": "auth.permission", "pk": 41, "fields": {"name": "Can change user social auth", "content_type": 14, "codename": "change_usersocialauth"}}, {"model": "auth.permission", "pk": 42, "fields": {"name": "Can delete user social auth", "content_type": 14, "codename": "delete_usersocialauth"}}, {"model": "auth.permission", "pk": 43, "fields": {"name": "Can add partial", "content_type": 15, "codename": "add_partial"}}, {"model": "auth.permission", "pk": 44, "fields": {"name": "Can change partial", "content_type": 15, "codename": "change_partial"}}, {"model": "auth.permission", "pk": 45, "fields": {"name": "Can delete partial", "content_type": 15, "codename": "delete_partial"}}, {"model": "auth.permission", "pk": 46, "fields": {"name": "Can add shop user profile", "content_type": 10, "codename": "add_shopuserprofile"}}, {"model": "auth.permission", "pk": 47, "fields": {"name": "Can change shop user profile", "content_type": 10, "codename": "change_shopuserprofile"}}, {"model": "auth.permission", "pk": 48, "fields": {"name": "Can delete shop user profile", "content_type": 10, "codename": "delete_shopuserprofile"}}, {"model": "auth.permission", "pk": 49, "fields": {"name": "Can add \u0437\u0430\u043a\u0430\u0437", "content_type": 16, "codename": "add_order"}}, {"model": "auth.permission", "pk": 50, "fields": {"name": "Can change \u0437\u0430\u043a\u0430\u0437", "content_type": 16, "codename": "change_order"}}, {"model": "auth.permission", "pk": 51, "fields": {"name": "Can delete \u0437\u0430\u043a\u0430\u0437", "content_type": 16, "codename": "delete_order"}}, {"model": "auth.permission", "pk": 52, "fields": {"name": "Can add order item", "content_type": 17, "codename": "add_orderitem"}}, {"model": "auth.permission", "pk": 53, "fields": {"name": "Can change order item", "content_type": 17, "codename": "change_orderitem"}}, {"model": "auth.permission", "pk": 54, "fields": {"name": "Can delete order item", "content_type": 17, "codename": "delete_orderitem"}}, {"model": "sessions.session", "pk": "0zetou9hw9tltqjylynbh2rp2m9blagq", "fields": {"session_data": "ZmFiNGE4ZTZiM2QyNzM0ZTEzMzFiZDAwZDBhZDg4ZGQ0YzU5MjI0Yzp7Im5leHQiOiIvIiwiZ29vZ2xlLW9hdXRoMl9zdGF0ZSI6IlM3Y01LMGkwRXNaMmVtbUk2czRVZFp4RWxaVkVaUkpEIiwiX2F1dGhfdXNlcl9pZCI6IjExIiwiX2F1dGhfdXNlcl9iYWNrZW5kIjoic29jaWFsX2NvcmUuYmFja2VuZHMuZ29vZ2xlLkdvb2dsZU9BdXRoMiIsIl9hdXRoX3VzZXJfaGFzaCI6ImY4MDhhZGVkNmE4NzM2MDZmOGYwZmIzMDYzZTUxNmU4YjI0MDc0MjYiLCJzb2NpYWxfYXV0aF9sYXN0X2xvZ2luX2JhY2tlbmQiOiJnb29nbGUtb2F1dGgyIn0=", "expire_date": "2018-01-19T06:22:20.901Z"}}, {"model": "sessions.session", "pk": "26jtl93j33an3z1lli9l9io1zyqa65jz", "fields": {"session_data": "OGVkYjdhYjY2ZjQzMDRlZDM0NTlkNGQ5ZDZmNTdlYTdiYzY0NWY3YTp7Il9hdXRoX3VzZXJfaWQiOiIyIiwiX2F1dGhfdXNlcl9iYWNrZW5kIjoiZGphbmdvLmNvbnRyaWIuYXV0aC5iYWNrZW5kcy5Nb2RlbEJhY2tlbmQiLCJfYXV0aF91c2VyX2hhc2giOiI3ZjgwMzhkODQ5N2ZiZTQ5M2JjYjZmM2VmMWFiYjJlZDc5YmUxOGVmIn0=", "expire_date": "2018-01-20T05:08:26.902Z"}}, {"model": "sessions.session", "pk": "8fkr3jc1smd7rc42ymkdbh8api1n9r4w", "fields": {"session_data": "YTUxNDVhMjFmM2JkMGQ1NjMzOTZjMTQ5MTkzYWZmOTkxYzdhZmM3MDp7Il9hdXRoX3VzZXJfaWQiOiIxIiwiX2F1dGhfdXNlcl9oYXNoIjoiNzRhYzZmYmZmZTQ0MjI0MGZlMjQxOGRkMGM5YjdkY2Y3ODU5ODNiNiIsIl9hdXRoX3VzZXJfYmFja2VuZCI6ImRqYW5nby5jb250cmliLmF1dGguYmFja2VuZHMuTW9kZWxCYWNrZW5kIn0=", "expire_date": "2017-11-01T19:51:52.681Z"}}, {"model": "sessions.session", "pk": "b7iawkrararxe3v78j18htjx427ijdx4", "fields": {"session_data": "OGVkYjdhYjY2ZjQzMDRlZDM0NTlkNGQ5ZDZmNTdlYTdiYzY0NWY3YTp7Il9hdXRoX3VzZXJfaWQiOiIyIiwiX2F1dGhfdXNlcl9iYWNrZW5kIjoiZGphbmdvLmNvbnRyaWIuYXV0aC5iYWNrZW5kcy5Nb2RlbEJhY2tlbmQiLCJfYXV0aF91c2VyX2hhc2giOiI3ZjgwMzhkODQ5N2ZiZTQ5M2JjYjZmM2VmMWFiYjJlZDc5YmUxOGVmIn0=", "expire_date": "2018-01-25T05:22:37.023Z"}}, {"model": "sessions.session", "pk": "bsu9tu3h4q4lbgs7zruahqxrhhy4sd83", "fields": {"session_data": "OWU3NzBiZWZiYWNjYzBlZmQ0M2VkNjk4ZDk5ZWYyZGNjYjAwMGQ0Njp7Il9hdXRoX3VzZXJfYmFja2VuZCI6ImRqYW5nby5jb250cmliLmF1dGguYmFja2VuZHMuTW9kZWxCYWNrZW5kIiwiX2F1dGhfdXNlcl9pZCI6IjEiLCJfYXV0aF91c2VyX2hhc2giOiI3NGFjNmZiZmZlNDQyMjQwZmUyNDE4ZGQwYzliN2RjZjc4NTk4M2I2In0=", "expire_date": "2017-11-04T09:38:15.540Z"}}, {"model": "sessions.session", "pk": "dpc94p0go175rb5ps19o4cwh49qxl7i9", "fields": {"session_data": "N2ExOTBmYjBjYjUwYzYwZjAxZmYzOWFlZmE2ZTMyMjlhYmQwN2VlMjp7Il9hdXRoX3VzZXJfaWQiOiIxIiwiX2F1dGhfdXNlcl9iYWNrZW5kIjoiZGphbmdvLmNvbnRyaWIuYXV0aC5iYWNrZW5kcy5Nb2RlbEJhY2tlbmQiLCJfYXV0aF91c2VyX2hhc2giOiJiZmI5ODE4NzViMzJiNzM3NWQxNTdlMTk2NmJiNjM5NDRlM2RhZWFjIn0=", "expire_date": "2018-01-30T14:42:12.811Z"}}, {"model": "sessions.session", "pk": "gv9lfqvxfxeitjfiiglxe9e801grf2aa", "fields": {"session_data": "MjNkNTA1ZDk0NjczMTY5NzZjNjQ1Y2Q4YTE0NjBlY2ZhYTJkMTJhODp7Im5leHQiOiIvIiwiZ29vZ2xlLW9hdXRoMl9zdGF0ZSI6IjJmOUdPUG52OGprQWZPOXZiV2tXQUluczZoUGg4NEtvIn0=", "expire_date": "2018-01-19T15:16:57.635Z"}}, {"model": "sessions.session", "pk": "hw5om0j7qfy6rya9iafgm9bdy3b2hm4q", "fields": {"session_data": "OGVkYjdhYjY2ZjQzMDRlZDM0NTlkNGQ5ZDZmNTdlYTdiYzY0NWY3YTp7Il9hdXRoX3VzZXJfaWQiOiIyIiwiX2F1dGhfdXNlcl9iYWNrZW5kIjoiZGphbmdvLmNvbnRyaWIuYXV0aC5iYWNrZW5kcy5Nb2RlbEJhY2tlbmQiLCJfYXV0aF91c2VyX2hhc2giOiI3ZjgwMzhkODQ5N2ZiZTQ5M2JjYjZmM2VmMWFiYjJlZDc5YmUxOGVmIn0=", "expire_date": "2018-01-24T18:43:32.414Z"}}, {"model": "sessions.session", "pk": "j10se6nz58bgro6gfkxla9zyqpzujny3", "fields": {"session_data": "ODE2N2Q3NmJlOGI4ZTNlMWIwMWM5OGM1ZjM1ODUwYWM1Zjc2MThlZTp7Im5leHQiOiIvIiwiZ29vZ2xlLW9hdXRoMl9zdGF0ZSI6InAzcExtTGJ4aEZNTFhIZ2c5eGs2eEZBeUhHbUxIY1dRIiwiX2F1dGhfdXNlcl9pZCI6IjExIiwiX2F1dGhfdXNlcl9iYWNrZW5kIjoic29jaWFsX2NvcmUuYmFja2VuZHMuZ29vZ2xlLkdvb2dsZU9BdXRoMiIsIl9hdXRoX3VzZXJfaGFzaCI6ImY4MDhhZGVkNmE4NzM2MDZmOGYwZmIzMDYzZTUxNmU4YjI0MDc0MjYiLCJzb2NpYWxfYXV0aF9sYXN0X2xvZ2luX2JhY2tlbmQiOiJnb29nbGUtb2F1dGgyIn0=", "expire_date": "2018-01-19T09:50:17.329Z"}}, {"model": "sessions.session", "pk": "tmesctfrv806fpc8bfecfogrql2u5e5h", "fields": {"session_data": "ZmE4OThlZDdlYzU1M2MxNzI1Yzg4M2FkOGNkM2ZlOTBjMDM4ZjIyNDp7Il9hdXRoX3VzZXJfaWQiOiIxIiwiX2F1dGhfdXNlcl9iYWNrZW5kIjoiZGphbmdvLmNvbnRyaWIuYXV0aC5iYWNrZW5kcy5Nb2RlbEJhY2tlbmQiLCJfYXV0aF91c2VyX2hhc2giOiI3NGFjNmZiZmZlNDQyMjQwZmUyNDE4ZGQwYzliN2RjZjc4NTk4M2I2In0=", "expire_date": "2017-11-01T12:54:45.937Z"}}, {"model": "sessions.session", "pk": "xqtohw5tzzy7aa1k3lo4vv1mfu0rcmm8", "fields": {"session_data": "ZmFmMjY3MjE3YTFhZTM2ODMwNmQ0YTBkZTFkNjZjMTliODUxYWE5NDp7Il9hdXRoX3VzZXJfaWQiOiI4IiwiX2F1dGhfdXNlcl9iYWNrZW5kIjoiZGphbmdvLmNvbnRyaWIuYXV0aC5iYWNrZW5kcy5Nb2RlbEJhY2tlbmQiLCJfYXV0aF91c2VyX2hhc2giOiI3ZmUxODI2MmYzNWU2OTZlOTgyZjBmMTU4MjRkMjY5ZjUzMjc4Yjk4In0=", "expire_date": "2018-01-20T04:23:31.722Z"}}, {"model": "mainapp.productcategory", "pk": 1, "fields": {"name": "\u0434\u043e\u043c", "description": "\u043e\u0442\u043b\u0438\u0447\u043d\u0430\u044f \u043c\u0435\u0431\u0435\u043b\u044c \u0434\u043b\u044f \u0434\u043e\u043c\u0430\u0448\u043d\u0435\u0433\u043e \u0438\u043d\u0442\u0435\u0440\u044c\u0435\u0440\u0430.", "is_active": true}}, {"model": "mainapp.productcategory", "pk": 2, "fields": {"name": "\u043e\u0444\u0438\u0441", "description": "\u0441\u0442\u0438\u043b\u044c\u043d\u0430\u044f \u0438 \u043d\u0430\u0434\u0435\u0436\u043d\u0430\u044f \u043e\u0444\u0438\u0441\u043d\u0430\u044f \u043c\u0435\u0431\u0435\u043b\u044c \u043d\u043e\u0432\u043e\u0433\u043e \u043f\u043e\u043a\u043e\u043b\u0435\u043d\u0438\u044f. 2017 \u043c\u043e\u0434\u0435\u043b\u044c\u043d\u044b\u0439 \u0433\u043e\u0434", "is_active": true}}, {"model": "mainapp.productcategory", "pk": 3, "fields": {"name": "\u043c\u043e\u0434\u0435\u0440\u043d", "description": "\u043c\u0435\u0431\u0435\u043b\u044c \u0432 \u0441\u0442\u0438\u043b\u0435 \u041c\u041e\u0414\u0415\u0420\u041d \u043f\u043e\u0434\u043e\u0439\u0434\u0435\u0442 \u0434\u043b\u044f \u043b\u044e\u0431\u043e\u0433\u043e \u0438\u043d\u0442\u0435\u0440\u044c\u0435\u0440\u0430. \u0418 \u0434\u043b\u044f \u0432\u0430\u0448\u0435\u0433\u043e", "is_active": true}}, {"model": "mainapp.productcategory", "pk": 4, "fields": {"name": "\u043a\u043b\u0430\u0441\u0441\u0438\u043a\u0430", "description": "\u043a\u043b\u0430\u0441\u0441\u0438\u0447\u0435\u0441\u043a\u0438\u0439 \u0441\u0442\u0438\u043b\u044c \u0430\u043a\u0442\u0443\u0430\u043b\u0435\u043d \u0432 \u043b\u044e\u0431\u044b\u0435 \u0432\u0440\u0435\u043c\u0435\u043d\u0430.", "is_active": true}}, {"model": "mainapp.productcategory", "pk": 5, "fields": {"name": "\u0442\u043e\u0432\u0430\u0440\u044b \u0434\u043b\u044f \u043a\u0443\u0445\u043d\u0438", "description": "\u043f\u043e\u043b\u0435\u0437\u043d\u043e\u0435 \u0434\u043b\u044f \u043a\u0443\u0445\u043d\u0438 2017", "is_active": false}}, {"model": "mainapp.product", "pk": 1, "fields": {"category": 1, "name": "\u043a\u043e\u043c\u0444\u043e\u0440\u0442 1", "image": "products_images/product-1.jpg", "short_desc": "\u043a\u043e\u043c\u0444\u043e\u0440\u0442\u043d\u044b\u0439 \u0441\u0442\u0443\u043b", "description": "\u043f\u043e\u0434\u043e\u0439\u0434\u0435\u0442 \u0434\u043b\u044f \u043f\u0440\u043e\u0441\u043c\u043e\u0442\u0440\u0430 \u0444\u0438\u043b\u044c\u043c\u043e\u0432", "price": "2989.5", "quantity": 14, "is_active": true}}, {"model": "mainapp.product", "pk": 2, "fields": {"category": 1, "name": "\u043a\u043e\u043c\u0444\u043e\u0440\u0442 2", "image": "products_images/product-2.jpg", "short_desc": "\u043e\u0447\u0435\u043d\u044c \u043a\u043e\u043c\u0444\u043e\u0440\u0442\u043d\u044b\u0439 \u0441\u0442\u0443\u043b", "description": "\u043f\u043e\u0434\u043e\u0439\u0434\u0435\u0442 \u0434\u043b\u044f \u043e\u0431\u0449\u0435\u043d\u0438\u044f \u0441 \u0434\u0440\u0443\u0437\u044c\u044f\u043c\u0438", "price": "3687.2", "quantity": 11, "is_active": true}}, {"model": "mainapp.product", "pk": 3, "fields": {"category": 1, "name": "\u043b\u044e\u043a\u0441", "image": "products_images/product-3.jpg", "short_desc": "\u0438\u0441\u043f\u043e\u043b\u044c\u0437\u043e\u0432\u0430\u043d\u044b \u043f\u0440\u0435\u043c\u0438\u0430\u043b\u044c\u043d\u044b\u0435 \u043c\u0430\u0442\u0435\u0440\u0438\u0430\u043b\u044b", "description": "\u0434\u043b\u044f \u0442\u0435\u0445, \u043a\u0442\u043e \u0441\u0442\u0440\u0435\u043c\u0438\u0442\u0441\u044f \u043a \u043b\u0443\u0447\u0448\u0435\u043c\u0443", "price": "8157.99", "quantity": 19, "is_active": true}}, {"model": "mainapp.product", "pk": 4, "fields": {"category": 1, "name": "\u043b\u044e\u043a\u0441 2", "image": "products_images/product-4.jpg", "short_desc": "\u0438\u0441\u043f\u043e\u043b\u044c\u0437\u043e\u0432\u0430\u043d\u044b \u043f\u0440\u0435\u043c\u0438\u0430\u043b\u044c\u043d\u044b\u0435 \u043c\u0430\u0442\u0435\u0440\u0438\u0430\u043b\u044b", "description": "\u0434\u043b\u044f \u0442\u0435\u0445, \u043a\u0442\u043e \u0441\u0442\u0440\u0435\u043c\u0438\u0442\u0441\u044f \u043a \u043b\u0443\u0447\u0448\u0435\u043c\u0443", "price": "9157.99", "quantity": 36, "is_active": true}}, {"model": "mainapp.product", "pk": 5, "fields": {"category": 1, "name": "\u043b\u044e\u043a\u0441 3", "image": "products_images/product-5.jpg", "short_desc": "\u0438\u0441\u043f\u043e\u043b\u044c\u0437\u043e\u0432\u0430\u043d\u044b \u043f\u0440\u0435\u043c\u0438\u0430\u043b\u044c\u043d\u044b\u0435 \u043c\u0430\u0442\u0435\u0440\u0438\u0430\u043b\u044b", "description": "\u0434\u043b\u044f \u0442\u0435\u0445, \u043a\u0442\u043e \u0441\u0442\u0440\u0435\u043c\u0438\u0442\u0441\u044f \u043a \u043b\u0443\u0447\u0448\u0435\u043c\u0443", "price": "10157.99", "quantity": 4, "is_active": true}}, {"model": "mainapp.product", "pk": 6, "fields": {"category": 2, "name": "\u0441\u0442\u0430\u043d\u0434\u0430\u0440\u0442", "image": "products_images/product-6.jpg", "short_desc": "\u0443\u043d\u0438\u0432\u0435\u0440\u0441\u0430\u043b\u044c\u043d\u043e\u0435 \u0440\u0435\u0448\u0435\u043d\u0438\u0435 2017 \u0433\u043e\u0434\u0430", "description": "\u043f\u043e\u0434\u043e\u0439\u0434\u0435\u0442 \u0434\u043b\u044f \u043b\u044e\u0431\u043e\u0433\u043e \u043e\u0444\u0438\u0441\u0430. \u043e\u0442\u043b\u0438\u0447\u043d\u044b\u0435 \u0445\u0430\u0440\u0430\u043a\u0442\u0435\u0440\u0438\u0441\u0442\u0438\u043a\u0438", "price": "1895.25", "quantity": 35, "is_active": true}}, {"model": "mainapp.product", "pk": 7, "fields": {"category": 2, "name": "\u043f\u0440\u0435\u043c\u0438\u0443\u043c", "image": "products_images/product-7.jpg", "short_desc": "\u0443\u043b\u0443\u0447\u0448\u0435\u043d\u043d\u044b\u0439 \u0434\u0438\u0437\u0430\u0439\u043d", "description": "\u0438\u0434\u0435\u0430\u043b\u044c\u043d\u043e \u0432\u043f\u0438\u0448\u0435\u0442\u0441\u044f \u0432 \u0441\u0442\u0440\u043e\u0433\u0438\u0439 \u0438\u043d\u0442\u0435\u0440\u044c\u0435\u0440 \u043e\u0444\u0438\u0441\u0430", "price": "3587.41", "quantity": 32, "is_active": true}}, {"model": "mainapp.product", "pk": 8, "fields": {"category": 2, "name": "\u043f\u0440\u0435\u043c\u0438\u0443\u043c 2", "image": "products_images/product-8.jpg", "short_desc": "\u0443\u043b\u0443\u0447\u0448\u0435\u043d\u043d\u044b\u0439 \u0434\u0438\u0437\u0430\u0439\u043d", "description": "\u0438\u0434\u0435\u0430\u043b\u044c\u043d\u043e \u0432\u043f\u0438\u0448\u0435\u0442\u0441\u044f \u0432 \u0441\u0442\u0440\u043e\u0433\u0438\u0439 \u0438\u043d\u0442\u0435\u0440\u044c\u0435\u0440 \u043e\u0444\u0438\u0441\u0430", "price": "4587.41", "quantity": 7, "is_active": true}}, {"model": "mainapp.product", "pk": 9, "fields": {"category": 3, "name": "\u043d\u043e\u0432\u0438\u043d\u043a\u0430", "image": "products_images/product-9.jpg", "short_desc": "\u0438\u043d\u043d\u043e\u0432\u0430\u0446\u0438\u043e\u043d\u043d\u044b\u0439 \u0434\u0438\u0437\u0430\u0439\u043d", "description": "\u043d\u0435\u0441\u0442\u0430\u043d\u0434\u0430\u0440\u0442\u043d\u043e\u0435 \u0440\u0435\u0448\u0435\u043d\u0438\u0435 \u0434\u043b\u044f \u0441\u043e\u0432\u0440\u0435\u043c\u0435\u043d\u043d\u043e\u0433\u043e \u0438\u043d\u0442\u0435\u0440\u044c\u0435\u0440\u0430", "price": "5361.47", "quantity": 7, "is_active": true}}, {"model": "mainapp.product", "pk": 10, "fields": {"category": 3, "name": "\u043f\u0440\u043e\u0433\u0440\u0435\u0441\u0441", "image": "products_images/product-10.jpg", "short_desc": "\u043f\u0440\u043e\u0433\u0440\u0435\u0441\u0441\u0438\u0432\u043d\u044b\u0439 \u0434\u0438\u0437\u0430\u0439\u043d", "description": "\u0444\u0443\u043d\u043a\u0446\u0438\u043e\u043d\u0430\u043b\u044c\u043d\u043e\u0435 \u0438 \u043a\u043e\u043c\u0444\u043e\u0440\u0442\u043d\u043e\u0435 \u0440\u0435\u0448\u0435\u043d\u0438\u0435", "price": "6789.33", "quantity": 11, "is_active": true}}, {"model": "mainapp.product", "pk": 11, "fields": {"category": 3, "name": "\u043f\u0440\u043e\u0433\u0440\u0435\u0441\u0441 2", "image": "products_images/product-11.jpg", "short_desc": "\u043f\u0440\u043e\u0433\u0440\u0435\u0441\u0441\u0438\u0432\u043d\u044b\u0439 \u0434\u0438\u0437\u0430\u0439\u043d", "description": "\u0444\u0443\u043d\u043a\u0446\u0438\u043e\u043d\u0430\u043b\u044c\u043d\u043e\u0435 \u0438 \u043a\u043e\u043c\u0444\u043e\u0440\u0442\u043d\u043e\u0435 \u0440\u0435\u0448\u0435\u043d\u0438\u0435", "price": "7789.33", "quantity": 10, "is_active": true}}, {"model": "mainapp.product", "pk": 12, "fields": {"category": 3, "name": "\u043f\u0440\u043e\u0433\u0440\u0435\u0441\u0441 3", "image": "products_images/product-12.jpg", "short_desc": "\u043f\u0440\u043e\u0433\u0440\u0435\u0441\u0441\u0438\u0432\u043d\u044b\u0439 \u0434\u0438\u0437\u0430\u0439\u043d", "description": "\u0444\u0443\u043d\u043a\u0446\u0438\u043e\u043d\u0430\u043b\u044c\u043d\u043e\u0435 \u0438 \u043a\u043e\u043c\u0444\u043e\u0440\u0442\u043d\u043e\u0435 \u0440\u0435\u0448\u0435\u043d\u0438\u0435", "price": "9789.33", "quantity": 14, "is_active": true}}, {"model": "mainapp.product", "pk": 13, "fields": {"category": 4, "name": "\u0432\u0435\u043d\u0435\u0446\u0438\u044f", "image": "products_images/product-13.jpg", "short_desc": "\u043a\u043b\u0430\u0441\u0441\u0438\u0447\u0435\u0441\u043a\u0438\u0435 \u0444\u043e\u0440\u043c\u044b", "description": "\u043e\u043a\u0443\u043d\u0438\u0442\u0435\u0441\u044c \u0432 \u0435\u0432\u0440\u043e\u043f\u0435\u0439\u0441\u043a\u0438\u0439 \u043a\u043e\u043c\u0444\u043e\u0440\u0442", "price": "4147.51", "quantity": 8, "is_active": true}}, {"model": "mainapp.product", "pk": 14, "fields": {"category": 4, "name": "\u0442\u043e\u0441\u043a\u0430\u043d\u0430", "image": "products_images/product-14.jpg", "short_desc": "\u044d\u0440\u0433\u043e\u043d\u043e\u043c\u0438\u0447\u043d\u0430\u044f \u0441\u043f\u0438\u043d\u043a\u0430", "description": "\u043f\u043e\u0447\u0443\u0432\u0441\u0442\u0432\u0443\u0439\u0442\u0435 \u043a\u043e\u043c\u0444\u043e\u0440\u0442 \u0438 \u043d\u0430\u0441\u043b\u0430\u0434\u0438\u0442\u0435\u0441\u044c \u0446\u0432\u0435\u0442\u043e\u0432\u043e\u0439 \u0433\u0430\u043c\u043c\u043e\u0439", "price": "7147.35", "quantity": 22, "is_active": true}}, {"model": "mainapp.product", "pk": 15, "fields": {"category": 4, "name": "\u0440\u0438\u043c", "image": "products_images/product-15.jpg", "short_desc": "\u0443\u0434\u0430\u0447\u043d\u044b\u0435 \u043f\u0440\u043e\u043f\u043e\u0440\u0446\u0438\u0438", "description": "\u043a\u043e\u043c\u043f\u0430\u043a\u0442\u043d\u043e\u0441\u0442\u044c \u0438 \u0444\u0443\u043d\u043a\u0446\u0438\u043e\u043d\u0430\u043b\u044c\u043d\u043e\u0441\u0442\u044c", "price": "8357.77", "quantity": 7, "is_active": true}}, {"model": "mainapp.product", "pk": 16, "fields": {"category": 4, "name": "\u0440\u0438\u043c 2", "image": "products_images/product-16.jpg", "short_desc": "\u0443\u0434\u0430\u0447\u043d\u044b\u0435 \u043f\u0440\u043e\u043f\u043e\u0440\u0446\u0438\u0438", "description": "\u043a\u043e\u043c\u043f\u0430\u043a\u0442\u043d\u043e\u0441\u0442\u044c \u0438 \u0444\u0443\u043d\u043a\u0446\u0438\u043e\u043d\u0430\u043b\u044c\u043d\u043e\u0441\u0442\u044c", "price": "9357.77", "quantity": 21, "is_active": true}}, {"model": "mainapp.product", "pk": 17, "fields": {"category": 4, "name": "\u0440\u0438\u043c 3", "image": "products_images/product-17.jpg", "short_desc": "\u0443\u0434\u0430\u0447\u043d\u044b\u0435 \u043f\u0440\u043e\u043f\u043e\u0440\u0446\u0438\u0438", "description": "\u043a\u043e\u043c\u043f\u0430\u043a\u0442\u043d\u043e\u0441\u0442\u044c \u0438 \u0444\u0443\u043d\u043a\u0446\u0438\u043e\u043d\u0430\u043b\u044c\u043d\u043e\u0441\u0442\u044c", "price": "10357.77", "quantity": 11, "is_active": true}}, {"model": "mainapp.product", "pk": 18, "fields": {"category": 2, "name": "\u043e\u0444\u0438\u0441\u043d\u044b\u0439 \u0441\u0442\u0443\u043b 4", "image": "", "short_desc": "\u0443\u0434\u043b\u0438\u043d\u0435\u043d\u043d\u0430\u044f \u0441\u043f\u0438\u043d\u043a\u0430", "description": "\u0434\u043b\u044f \u043b\u044e\u0434\u0435\u0439 \u0432\u044b\u0441\u043e\u043a\u043e\u0433\u043e \u0440\u043e\u0441\u0442\u0430", "price": "1897.44", "quantity": 15, "is_active": false}}, {"model": "mainapp.product", "pk": 20, "fields": {"category": 5, "name": "\u0442\u0430\u0431\u0443\u0440\u0435\u0442", "image": "", "short_desc": "\u043e\u0442\u043b\u0438\u0447\u043d\u044b\u0439 \u0442\u0430\u0431\u0443\u0440\u0435\u0442", "description": "\u0445\u043e\u0440\u043e\u0448\u0438\u0435 \u043c\u0430\u0442\u0435\u0440\u0438\u0430\u043b\u044b", "price": "987.54", "quantity": 18, "is_active": false}}, {"model": "authapp.shopuser", "pk": 1, "fields": {"password": "pbkdf2_sha256$100000$UktyR47DpMbs$VXjz0r0bMSJ0ASX7EDW/rbOuRiZ5cg8IOvKsNSMPxb8=", "last_login": "2018-01-16T14:42:12.790Z", "is_superuser": true, "username": "django", "first_name": "", "last_name": "", "email": "django@geekshop.local", "is_staff": true, "is_active": true, "date_joined": "2017-10-18T12:46:45.112Z", "avatar": "", "age": 33, "activation_key": "", "activation_key_expires": "2017-12-27T18:57:21.494Z", "groups": [], "user_permissions": []}}, {"model": "authapp.shopuser", "pk": 2, "fields": {"password": "pbkdf2_sha256$100000$1ROUFZgSOoNi$e4pWBLjei8fLYouhM20FQfu60ggWnHF7/Cs7BBY0E9I=", "last_login": "2018-01-11T05:22:36.880Z", "is_superuser": false, "username": "user1", "first_name": "\u041f\u043e\u043b\u044c\u0437\u043e\u0432\u0430\u0442\u0435\u043b\u044c 1", "last_name": "", "email": "user1@geekshop.ru", "is_staff": false, "is_active": true, "date_joined": "2017-10-21T09:35:58.357Z", "avatar": "", "age": 30, "activation_key": "", "activation_key_expires": "2017-12-27T18:57:21.494Z", "groups": [], "user_permissions": []}}, {"model": "authapp.shopuser", "pk": 3, "fields": {"password": "pbkdf2_sha256$30000$yo2DzfanHzWV$ZiZ5mJrH7O7nlWXGRNr9E/H8OATrs+sDcdsu/qX0Tiw=", "last_login": null, "is_superuser": false, "username": "user2", "first_name": "", "last_name": "", "email": "user2@geekshop.ru", "is_staff": false, "is_active": true, "date_joined": "2017-10-21T10:27:36Z", "avatar": "", "age": 39, "activation_key": "", "activation_key_expires": "2017-12-27T18:57:21.494Z", "groups": [], "user_permissions": []}}, {"model": "authapp.shopuser", "pk": 4, "fields": {"password": "pbkdf2_sha256$30000$J5VHESGhsJQ2$GKCnuIhscf6HLBlxrzwpXtV/o5BbhzBbImsOCXV7Eho=", "last_login": null, "is_superuser": false, "username": "user3", "first_name": "", "last_name": "", "email": "1@1.ru", "is_staff": false, "is_active": false, "date_joined": "2017-10-21T10:29:06.713Z", "avatar": "", "age": 19, "activation_key": "", "activation_key_expires": "2017-12-27T18:57:21.494Z", "groups": [], "user_permissions": []}}, {"model": "authapp.shopuser", "pk": 5, "fields": {"password": "pbkdf2_sha256$30000$MtGCYwfLYlHX$m1E3qaaz5vb6azqPE5zI8hlBJOHl7vuecebnMLDO6SI=", "last_login": null, "is_superuser": false, "username": "user4", "first_name": "", "last_name": "", "email": "1@1.ru", "is_staff": false, "is_active": true, "date_joined": "2017-10-21T10:29:42.107Z", "avatar": "", "age": 19, "activation_key": "", "activation_key_expires": "2017-12-27T18:57:21.494Z", "groups": [], "user_permissions": []}}, {"model": "authapp.shopuser", "pk": 6, "fields": {"password": "pbkdf2_sha256$30000$iULsZkzlNJlW$kKb/918Jw3Ba41OTfkOe5KyHogjeXhOAsgIt04ZHoAE=", "last_login": null, "is_superuser": false, "username": "user7", "first_name": "\u041f\u043e\u043b\u044c\u0437\u043e\u0432\u0430\u0442\u0435\u043b\u044c 7", "last_name": "", "email": "7@geekshop.ru", "is_staff": false, "is_active": false, "date_joined": "2017-10-21T10:54:15.921Z", "avatar": "", "age": 56, "activation_key": "", "activation_key_expires": "2017-12-27T18:57:21.494Z", "groups": [], "user_permissions": []}}, {"model": "authapp.shopuser", "pk": 7, "fields": {"password": "pbkdf2_sha256$100000$bJ7QpQrAaFzz$2ymRfeUfUFdBzmPcV7HP3WDfC2SqIMO+sDG/irVHZkM=", "last_login": null, "is_superuser": false, "username": "user9", "first_name": "\u041f\u043e\u043b\u044c\u0437\u043e\u0432\u0430\u0442\u0435\u043b\u044c 9", "last_name": "", "email": "user9@geekshop.ru", "is_staff": false, "is_active": false, "date_joined": "2017-10-21T11:02:33Z", "avatar": "", "age": 19, "activation_key": "", "activation_key_expires": "2017-12-27T18:57:21.494Z", "groups": [], "user_permissions": []}}, {"model": "authapp.shopuser", "pk": 8, "fields": {"password": "pbkdf2_sha256$100000$Ofm0UeKC2yoj$sXgoB0T7VnWd6ABni8GAhnGnHAZkxtlDf7Mn86rTvXM=", "last_login": "2018-01-15T09:53:19.146Z", "is_superuser": false, "username": "user10", "first_name": "\u041f\u043e\u043b\u044c\u0437\u043e\u0432\u0430\u0442\u0435\u043b\u044c 10", "last_name": "", "email": "user10@geekshop.local", "is_staff": false, "is_active": true, "date_joined": "2018-01-06T04:15:40.762Z", "avatar": "", "age": 18, "activation_key": "d5bfa0395a5d11784c0501024aa72bbed4096e1e", "activation_key_expires": "2018-01-08T04:14:52.897Z", "groups": [], "user_permissions": []}}, {"model": "authapp.shopuserprofile", "pk": 1, "fields": {"user": 1, "tagline": "", "aboutMe": "", "gender": "", "address": ""}}, {"model": "authapp.shopuserprofile", "pk": 2, "fields": {"user": 2, "tagline": "user 1 test", "aboutMe": "", "gender": "M", "address": ""}}, {"model": "authapp.shopuserprofile", "pk": 3, "fields": {"user": 3, "tagline": "", "aboutMe": "", "gender": "", "address": ""}}, {"model": "authapp.shopuserprofile", "pk": 4, "fields": {"user": 4, "tagline": "", "aboutMe": "", "gender": "", "address": ""}}, {"model": "authapp.shopuserprofile", "pk": 5, "fields": {"user": 5, "tagline": "", "aboutMe": "", "gender": "", "address": ""}}, {"model": "authapp.shopuserprofile", "pk": 6, "fields": {"user": 6, "tagline": "", "aboutMe": "", "gender": "", "address": ""}}, {"model": "authapp.shopuserprofile", "pk": 7, "fields": {"user": 7, "tagline": "", "aboutMe": "", "gender": "", "address": ""}}, {"model": "authapp.shopuserprofile", "pk": 8, "fields": {"user": 8, "tagline": "test user 10", "aboutMe": "\u041f\u043e\u043b\u044c\u0437\u043e\u0432\u0430\u0442\u0435\u043b\u044c \u0434\u043b\u044f \u0442\u0435\u0441\u0442\u0438\u0440\u043e\u0432\u0430\u043d\u0438\u044f Django", "gender": "M", "address": ""}}, {"model": "ordersapp.order", "pk": 1, "fields": {"user": 2, "created": "2018-01-10T18:26:17.949Z", "updated": "2018-01-11T14:14:09.568Z", "status": "FM", "is_active": false}}, {"model": "ordersapp.order", "pk": 2, "fields": {"user": 2, "created": "2018-01-10T18:26:42.775Z", "updated": "2018-01-10T18:26:55.152Z", "status": "FM", "is_active": false}}, {"model": "ordersapp.order", "pk": 3, "fields": {"user": 2, "created": "2018-01-10T18:38:34.175Z", "updated": "2018-01-11T14:14:05.541Z", "status": "FM", "is_active": false}}, {"model": "ordersapp.order", "pk": 4, "fields": {"user": 2, "created": "2018-01-10T18:38:49.147Z", "updated": "2018-01-10T18:38:49.406Z", "status": "FM", "is_active": false}}, {"model": "ordersapp.order", "pk": 5, "fields": {"user": 1, "created": "2018-01-10T18:40:49.517Z", "updated": "2018-01-10T18:40:49.779Z", "status": "FM", "is_active": true}}, {"model": "ordersapp.order", "pk": 6, "fields": {"user": 2, "created": "2018-01-11T11:07:56.170Z", "updated": "2018-01-11T11:07:56.290Z", "status": "FM", "is_active": true}}, {"model": "ordersapp.order", "pk": 7, "fields": {"user": 2, "created": "2018-01-11T11:08:15.568Z", "updated": "2018-01-11T17:58:59.544Z", "status": "FM", "is_active": true}}, {"model": "ordersapp.order", "pk": 8, "fields": {"user": 2, "created": "2018-01-11T17:55:02.265Z", "updated": "2018-01-11T17:55:02.529Z", "status": "FM", "is_active": true}}, {"model": "ordersapp.order", "pk": 9, "fields": {"user": 2, "created": "2018-01-11T17:56:09.651Z", "updated": "2018-01-12T04:49:54.551Z", "status": "FM", "is_active": false}}, {"model": "ordersapp.order", "pk": 10, "fields": {"user": 2, "created": "2018-01-12T03:35:56.957Z", "updated": "2018-01-12T04:30:37.137Z", "status": "FM", "is_active": true}}, {"model": "ordersapp.order", "pk": 11, "fields": {"user": 2, "created": "2018-01-12T04:30:01.337Z", "updated": "2018-01-12T04:30:13.020Z", "status": "FM", "is_active": false}}, {"model": "ordersapp.order", "pk": 12, "fields": {"user": 2, "created": "2018-01-12T04:31:28.026Z", "updated": "2018-01-12T04:31:28.276Z", "status": "FM", "is_active": true}}, {"model": "ordersapp.order", "pk": 13, "fields": {"user": 2, "created": "2018-01-12T04:32:51.548Z", "updated": "2018-01-12T04:32:51.746Z", "status": "FM", "is_active": true}}, {"model": "ordersapp.order", "pk": 14, "fields": {"user": 2, "created": "2018-01-12T04:35:52.645Z", "updated": "2018-01-12T04:35:52.937Z", "status": "FM", "is_active": true}}, {"model": "ordersapp.order", "pk": 15, "fields": {"user": 2, "created": "2018-01-12T04:46:49.225Z", "updated": "2018-01-12T04:46:49.464Z", "status": "FM", "is_active": true}}, {"model": "ordersapp.order", "pk": 16, "fields": {"user": 2, "created": "2018-01-12T04:51:19.700Z", "updated": "2018-01-12T04:51:20.021Z", "status": "FM", "is_active": false}}, {"model": "ordersapp.order", "pk": 17, "fields": {"user": 2, "created": "2018-01-12T04:51:23.617Z", "updated": "2018-01-12T04:51:24.069Z", "status": "FM", "is_active": false}}, {"model": "ordersapp.order", "pk": 18, "fields": {"user": 2, "created": "2018-01-12T04:51:44.390Z", "updated": "2018-01-12T04:51:44.662Z", "status": "FM", "is_active": true}}, {"model": "ordersapp.order", "pk": 19, "fields": {"user": 2, "created": "2018-01-12T13:11:04.314Z", "updated": "2018-01-12T13:11:04.508Z", "status": "FM", "is_active": true}}, {"model": "ordersapp.order", "pk": 20, "fields": {"user": 2, "created": "2018-01-12T13:11:44.579Z", "updated": "2018-01-12T13:11:44.778Z", "status": "FM", "is_active": true}}, {"model": "ordersapp.order", "pk": 21, "fields": {"user": 2, "created": "2018-01-12T13:57:39.801Z", "updated": "2018-01-12T13:57:39.972Z", "status": "FM", "is_active": true}}, {"model": "ordersapp.order", "pk": 22, "fields": {"user": 2, "created": "2018-01-12T14:01:24.332Z", "updated": "2018-01-12T14:01:24.530Z", "status": "FM", "is_active": true}}, {"model": "ordersapp.order", "pk": 23, "fields": {"user": 2, "created": "2018-01-12T14:14:40.772Z", "updated": "2018-01-12T14:14:41.082Z", "status": "FM", "is_active": true}}, {"model": "ordersapp.order", "pk": 24, "fields": {"user": 2, "created": "2018-01-12T14:16:29.551Z", "updated": "2018-01-12T15:51:48.584Z", "status": "FM", "is_active": true}}, {"model": "ordersapp.order", "pk": 25, "fields": {"user": 2, "created": "2018-01-12T15:34:07.389Z", "updated": "2018-01-12T16:45:09.569Z", "status": "FM", "is_active": true}}, {"model": "ordersapp.order", "pk": 26, "fields": {"user": 2, "created": "2018-01-12T16:45:32.331Z", "updated": "2018-01-12T17:08:59.600Z", "status": "FM", "is_active": false}}, {"model": "ordersapp.order", "pk": 27, "fields": {"user": 2, "created": "2018-01-12T16:52:09.412Z", "updated": "2018-01-12T17:08:38.647Z", "status": "FM", "is_active": true}}, {"model": "ordersapp.order", "pk": 28, "fields": {"user": 2, "created": "2018-01-12T16:54:04.082Z", "updated": "2018-01-12T16:54:34.515Z", "status": "FM", "is_active": false}}, {"model": "ordersapp.order", "pk": 29, "fields": {"user": 2, "created": "2018-01-12T17:09:17.551Z", "updated": "2018-01-12T17:09:17.738Z", "status": "FM", "is_active": true}}, {"model": "ordersapp.order", "pk": 30, "fields": {"user": 2, "created": "2018-01-12T17:10:05.500Z", "updated": "2018-01-12T17:10:05.804Z", "status": "FM", "is_active": true}}, {"model": "ordersapp.order", "pk": 31, "fields": {"user": 8, "created": "2018-01-15T09:53:52.489Z", "updated": "2018-01-15T13:15:58.675Z", "status": "FM", "is_active": true}}, {"model": "ordersapp.order", "pk": 32, "fields": {"user": 8, "created": "2018-01-15T11:35:45.303Z", "updated": "2018-01-15T12:37:59.000Z", "status": "FM", "is_active": true}}, {"model": "ordersapp.order", "pk": 33, "fields": {"user": 8, "created": "2018-01-15T18:40:24.020Z", "updated": "2018-01-15T18:40:24.058Z", "status": "FM", "is_active": false}}, {"model": "ordersapp.order", "pk": 34, "fields": {"user": 8, "created": "2018-01-15T18:45:31.145Z", "updated": "2018-01-15T18:45:31.181Z", "status": "FM", "is_active": false}}, {"model": "ordersapp.order", "pk": 35, "fields": {"user": 8, "created": "2018-01-15T18:52:45.399Z", "updated": "2018-01-15T18:52:45.436Z", "status": "FM", "is_active": false}}, {"model": "ordersapp.order", "pk": 36, "fields": {"user": 8, "created": "2018-01-15T18:57:31.272Z", "updated": "2018-01-15T18:57:31.307Z", "status": "FM", "is_active": false}}, {"model": "ordersapp.order", "pk": 37, "fields": {"user": 8, "created": "2018-01-15T19:01:03.297Z", "updated": "2018-01-15T19:01:03.324Z", "status": "FM", "is_active": true}}, {"model": "ordersapp.order", "pk": 38, "fields": {"user": 8, "created": "2018-01-15T19:06:46.534Z", "updated": "2018-01-15T19:09:25.876Z", "status": "FM", "is_active": true}}, {"model": "ordersapp.order", "pk": 39, "fields": {"user": 8, "created": "2018-01-15T19:11:52.035Z", "updated": "2018-01-15T23:36:19.618Z", "status": "FM", "is_active": false}}, {"model": "ordersapp.order", "pk": 40, "fields": {"user": 8, "created": "2018-01-15T19:46:21.673Z", "updated": "2018-01-15T23:14:30.947Z", "status": "FM", "is_active": true}}, {"model": "ordersapp.order", "pk": 41, "fields": {"user": 8, "created": "2018-01-15T21:49:19.002Z", "updated": "2018-01-15T22:02:01.914Z", "status": "FM", "is_active": true}}, {"model": "ordersapp.order", "pk": 42, "fields": {"user": 8, "created": "2018-01-15T21:54:51.160Z", "updated": "2018-01-15T22:00:30.259Z", "status": "STP", "is_active": true}}, {"model": "ordersapp.order", "pk": 43, "fields": {"user": 8, "created": "2018-01-15T22:01:42.865Z", "updated": "2018-01-15T22:01:42.889Z", "status": "FM", "is_active": true}}, {"model": "ordersapp.order", "pk": 44, "fields": {"user": 8, "created": "2018-01-15T22:02:26.211Z", "updated": "2018-01-15T23:36:28.445Z", "status": "FM", "is_active": true}}, {"model": "ordersapp.order", "pk": 45, "fields": {"user": 8, "created": "2018-01-15T22:04:23.009Z", "updated": "2018-01-15T22:08:39.811Z", "status": "FM", "is_active": true}}, {"model": "ordersapp.order", "pk": 46, "fields": {"user": 8, "created": "2018-01-15T22:11:34.266Z", "updated": "2018-01-15T22:11:34.295Z", "status": "FM", "is_active": true}}, {"model": "ordersapp.order", "pk": 47, "fields": {"user": 8, "created": "2018-01-15T22:12:03.393Z", "updated": "2018-01-15T22:12:14.714Z", "status": "FM", "is_active": true}}, {"model": "ordersapp.order", "pk": 48, "fields": {"user": 8, "created": "2018-01-15T23:41:25.770Z", "updated": "2018-01-15T23:42:50.758Z", "status": "FM", "is_active": true}}, {"model": "ordersapp.order", "pk": 49, "fields": {"user": 1, "created": "2018-01-16T14:45:45.050Z", "updated": "2018-01-16T16:59:45.925Z", "status": "FM", "is_active": true}}, {"model": "ordersapp.order", "pk": 50, "fields": {"user": 1, "created": "2018-01-16T16:58:41.361Z", "updated": "2018-01-16T16:58:41.387Z", "status": "FM", "is_active": true}}, {"model": "ordersapp.orderitem", "pk": 1, "fields": {"order": 1, "product": 6, "quantity": 4}}, {"model": "ordersapp.orderitem", "pk": 2, "fields": {"order": 1, "product": 14, "quantity": 2}}, {"model": "ordersapp.orderitem", "pk": 3, "fields": {"order": 2, "product": 1, "quantity": 4}}, {"model": "ordersapp.orderitem", "pk": 4, "fields": {"order": 1, "product": 5, "quantity": 2}}, {"model": "ordersapp.orderitem", "pk": 7, "fields": {"order": 1, "product": 12, "quantity": 4}}, {"model": "ordersapp.orderitem", "pk": 8, "fields": {"order": 3, "product": 13, "quantity": 5}}, {"model": "ordersapp.orderitem", "pk": 9, "fields": {"order": 5, "product": 2, "quantity": 1}}, {"model": "ordersapp.orderitem", "pk": 10, "fields": {"order": 6, "product": 3, "quantity": 4}}, {"model": "ordersapp.orderitem", "pk": 11, "fields": {"order": 7, "product": 11, "quantity": 2}}, {"model": "ordersapp.orderitem", "pk": 12, "fields": {"order": 7, "product": 16, "quantity": 5}}, {"model": "ordersapp.orderitem", "pk": 14, "fields": {"order": 7, "product": 8, "quantity": 6}}, {"model": "ordersapp.orderitem", "pk": 15, "fields": {"order": 3, "product": 11, "quantity": 1}}, {"model": "ordersapp.orderitem", "pk": 16, "fields": {"order": 7, "product": 18, "quantity": 3}}, {"model": "ordersapp.orderitem", "pk": 17, "fields": {"order": 8, "product": 2, "quantity": 1}}, {"model": "ordersapp.orderitem", "pk": 18, "fields": {"order": 8, "product": 13, "quantity": 1}}, {"model": "ordersapp.orderitem", "pk": 19, "fields": {"order": 9, "product": 7, "quantity": 6}}, {"model": "ordersapp.orderitem", "pk": 20, "fields": {"order": 9, "product": 11, "quantity": 2}}, {"model": "ordersapp.orderitem", "pk": 22, "fields": {"order": 10, "product": 5, "quantity": 1}}, {"model": "ordersapp.orderitem", "pk": 23, "fields": {"order": 10, "product": 6, "quantity": 1}}, {"model": "ordersapp.orderitem", "pk": 24, "fields": {"order": 10, "product": 12, "quantity": 1}}, {"model": "ordersapp.orderitem", "pk": 25, "fields": {"order": 10, "product": 10, "quantity": 1}}, {"model": "ordersapp.orderitem", "pk": 26, "fields": {"order": 10, "product": 14, "quantity": 4}}, {"model": "ordersapp.orderitem", "pk": 27, "fields": {"order": 11, "product": 6, "quantity": 4}}, {"model": "ordersapp.orderitem", "pk": 28, "fields": {"order": 11, "product": 14, "quantity": 1}}, {"model": "ordersapp.orderitem", "pk": 29, "fields": {"order": 12, "product": 4, "quantity": 3}}, {"model": "ordersapp.orderitem", "pk": 30, "fields": {"order": 12, "product": 13, "quantity": 1}}, {"model": "ordersapp.orderitem", "pk": 31, "fields": {"order": 13, "product": 1, "quantity": 1}}, {"model": "ordersapp.orderitem", "pk": 32, "fields": {"order": 14, "product": 3, "quantity": 1}}, {"model": "ordersapp.orderitem", "pk": 33, "fields": {"order": 14, "product": 11, "quantity": 4}}, {"model": "ordersapp.orderitem", "pk": 34, "fields": {"order": 15, "product": 1, "quantity": 1}}, {"model": "ordersapp.orderitem", "pk": 35, "fields": {"order": 15, "product": 6, "quantity": 1}}, {"model": "ordersapp.orderitem", "pk": 36, "fields": {"order": 17, "product": 4, "quantity": 0}}, {"model": "ordersapp.orderitem", "pk": 37, "fields": {"order": 18, "product": 2, "quantity": 1}}, {"model": "ordersapp.orderitem", "pk": 38, "fields": {"order": 19, "product": 1, "quantity": 3}}, {"model": "ordersapp.orderitem", "pk": 39, "fields": {"order": 19, "product": 13, "quantity": 1}}, {"model": "ordersapp.orderitem", "pk": 40, "fields": {"order": 20, "product": 3, "quantity": 1}}, {"model": "ordersapp.orderitem", "pk": 41, "fields": {"order": 21, "product": 2, "quantity": 1}}, {"model": "ordersapp.orderitem", "pk": 42, "fields": {"order": 22, "product": 15, "quantity": 1}}, {"model": "ordersapp.orderitem", "pk": 43, "fields": {"order": 23, "product": 1, "quantity": 1}}, {"model": "ordersapp.orderitem", "pk": 44, "fields": {"order": 23, "product": 7, "quantity": 1}}, {"model": "ordersapp.orderitem", "pk": 45, "fields": {"order": 23, "product": 11, "quantity": 1}}, {"model": "ordersapp.orderitem", "pk": 46, "fields": {"order": 24, "product": 7, "quantity": 3}}, {"model": "ordersapp.orderitem", "pk": 47, "fields": {"order": 24, "product": 9, "quantity": 3}}, {"model": "ordersapp.orderitem", "pk": 48, "fields": {"order": 24, "product": 13, "quantity": 4}}, {"model": "ordersapp.orderitem", "pk": 49, "fields": {"order": 25, "product": 8, "quantity": 7}}, {"model": "ordersapp.orderitem", "pk": 50, "fields": {"order": 25, "product": 10, "quantity": 1}}, {"model": "ordersapp.orderitem", "pk": 51, "fields": {"order": 25, "product": 14, "quantity": 1}}, {"model": "ordersapp.orderitem", "pk": 52, "fields": {"order": 26, "product": 6, "quantity": 5}}, {"model": "ordersapp.orderitem", "pk": 53, "fields": {"order": 26, "product": 10, "quantity": 2}}, {"model": "ordersapp.orderitem", "pk": 55, "fields": {"order": 27, "product": 4, "quantity": 1}}, {"model": "ordersapp.orderitem", "pk": 56, "fields": {"order": 28, "product": 10, "quantity": 3}}, {"model": "ordersapp.orderitem", "pk": 57, "fields": {"order": 28, "product": 15, "quantity": 2}}, {"model": "ordersapp.orderitem", "pk": 58, "fields": {"order": 29, "product": 5, "quantity": 4}}, {"model": "ordersapp.orderitem", "pk": 59, "fields": {"order": 30, "product": 7, "quantity": 2}}, {"model": "ordersapp.orderitem", "pk": 60, "fields": {"order": 30, "product": 14, "quantity": 2}}, {"model": "ordersapp.orderitem", "pk": 61, "fields": {"order": 31, "product": 1, "quantity": 7}}, {"model": "ordersapp.orderitem", "pk": 62, "fields": {"order": 31, "product": 6, "quantity": 1}}, {"model": "ordersapp.orderitem", "pk": 63, "fields": {"order": 32, "product": 15, "quantity": 4}}, {"model": "ordersapp.orderitem", "pk": 64, "fields": {"order": 37, "product": 4, "quantity": 1}}, {"model": "ordersapp.orderitem", "pk": 65, "fields": {"order": 37, "product": 6, "quantity": 1}}, {"model": "ordersapp.orderitem", "pk": 66, "fields": {"order": 38, "product": 6, "quantity": 5}}, {"model": "ordersapp.orderitem", "pk": 67, "fields": {"order": 38, "product": 17, "quantity": 2}}, {"model": "ordersapp.orderitem", "pk": 70, "fields": {"order": 40, "product": 2, "quantity": 10}}, {"model": "ordersapp.orderitem", "pk": 71, "fields": {"order": 40, "product": 5, "quantity": 3}}, {"model": "ordersapp.orderitem", "pk": 72, "fields": {"order": 40, "product": 11, "quantity": 4}}, {"model": "ordersapp.orderitem", "pk": 74, "fields": {"order": 40, "product": 18, "quantity": 2}}, {"model": "ordersapp.orderitem", "pk": 75, "fields": {"order": 41, "product": 12, "quantity": 2}}, {"model": "ordersapp.orderitem", "pk": 76, "fields": {"order": 41, "product": 13, "quantity": 5}}, {"model": "ordersapp.orderitem", "pk": 77, "fields": {"order": 42, "product": 9, "quantity": 2}}, {"model": "ordersapp.orderitem", "pk": 78, "fields": {"order": 42, "product": 12, "quantity": 8}}, {"model": "ordersapp.orderitem", "pk": 79, "fields": {"order": 43, "product": 2, "quantity": 1}}, {"model": "ordersapp.orderitem", "pk": 80, "fields": {"order": 43, "product": 11, "quantity": 1}}, {"model": "ordersapp.orderitem", "pk": 81, "fields": {"order": 44, "product": 11, "quantity": 3}}, {"model": "ordersapp.orderitem", "pk": 83, "fields": {"order": 45, "product": 1, "quantity": 4}}, {"model": "ordersapp.orderitem", "pk": 85, "fields": {"order": 46, "product": 2, "quantity": 1}}, {"model": "ordersapp.orderitem", "pk": 86, "fields": {"order": 46, "product": 17, "quantity": 3}}, {"model": "ordersapp.orderitem", "pk": 87, "fields": {"order": 47, "product": 12, "quantity": 2}}, {"model": "ordersapp.orderitem", "pk": 88, "fields": {"order": 47, "product": 15, "quantity": 3}}, {"model": "ordersapp.orderitem", "pk": 89, "fields": {"order": 40, "product": 1, "quantity": 3}}, {"model": "ordersapp.orderitem", "pk": 90, "fields": {"order": 48, "product": 5, "quantity": 4}}, {"model": "ordersapp.orderitem", "pk": 91, "fields": {"order": 48, "product": 7, "quantity": 2}}, {"model": "ordersapp.orderitem", "pk": 93, "fields": {"order": 48, "product": 16, "quantity": 3}}, {"model": "ordersapp.orderitem", "pk": 94, "fields": {"order": 48, "product": 17, "quantity": 3}}, {"model": "ordersapp.orderitem", "pk": 97, "fields": {"order": 49, "product": 11, "quantity": 2}}, {"model": "ordersapp.orderitem", "pk": 98, "fields": {"order": 50, "product": 12, "quantity": 1}}, {"model": "ordersapp.orderitem", "pk": 99, "fields": {"order": 50, "product": 14, "quantity": 3}}, {"model": "ordersapp.orderitem", "pk": 100, "fields": {"order": 49, "product": 15, "quantity": 3}}]